site,species,gps_id,block_type,block,type,point,year,x,y,use,count,abs_1km,cfrst_18km,grass_3km,mix_18km,rip_540m,ndvi_270m,tri_18km,road_18km
764-2,BRSP,764-2-1,764-2,764,2,1,2006,441373.5,863874.1,0,0,0.750663,0.003471,0.028747,0.0023,0,0.207414,18.29224,1.519666
165-2,BRSP,165-2-1,165-2,165,2,1,2005,504541.3,1162709,0,0,0.671088,0.019979,0.042241,0.004935,0.017699,0.271207,28.00102,1.56467
191-2,BRSP,191-2-1,191-2,191,2,1,2005,631617.6,950937.2,0,0,0.96817,0.007236,0.000293,0.022964,0.00885,0.317069,14.59658,1.817196
137-1,BRSP,137-1-1,137-1,137,1,1,2005,558450,956607.5,0,0,0.628647,0.032485,0.017307,0.014129,0.115044,0.333448,18.98151,1.493699
594-0,BRSP,594-0-1,594-0,594,0,1,2005,338947.1,962908.2,0,0,0.981432,0.001226,0.004987,0.000135,0,0.298966,11.71471,1.554877
93-2,BRSP,93-2-1,93-2,93,2,1,2005,622257.9,942747.2,0,0,0.912467,0.055807,0.005573,0.016509,0,0.241552,20.21986,1.676684
831-0,BRSP,831-0-1,831-0,831,0,1,2006,497981,1190666,0,0,0.689655,0.193108,0.082722,0.002778,0,0.312414,48.4168,1.343724
837-0,BRSP,837-0-1,837-0,837,0,1,2006,493841.3,1118756,0,0,0.899204,0.001711,0.010267,0.005086,0,0.286207,17.36962,1.795959
706-2,BRSP,706-2-1,706-2,706,2,1,2006,379275.1,1126136,0,0,0.079576,0.280692,0.2379,0.000096,0,0.522586,72.31321,0.712574
849-0,BRSP,849-0-1,849-0,849,0,1,2006,478182.1,967104.9,0,0,0.917772,0.013126,0.014667,0.002953,0,0.26569,17.23593,1.443634
769-2,BRSP,769-2-1,769-2,769,2,1,2006,362626.1,813203.8,0,0,0.65252,0.001218,0.11763,0.005628,0.026549,0.173448,16.62978,0.884116
861-0,BRSP,861-0-1,861-0,861,0,1,2006,378015.1,1139006,0,0,0.570292,0.284902,0.224993,0.000494,0,0.450862,61.02289,0.836251
976-0,BRSP,976-0-1,976-0,976,0,1,2006,366315.6,1061696,0,0,0.676393,0.123363,0.00528,0.000828,0.035398,0.271552,47.87407,1.045094
536-0,BRSP,536-0-1,536-0,536,0,1,2005,551790.2,952017.5,0,0,0.941645,0.066903,0.019654,0.007522,0,0.252241,25.82689,1.342953
45-1,BRSP,45-1-1,45-1,45,1,1,2005,359466.6,857967.3,0,0,0.668435,0.000302,0.073629,0.003662,0,0.233103,12.04725,1.704852
719-1,BRSP,719-1-1,719-1,719,1,1,2006,366315.6,1067906,0,0,0.69496,0.137612,0.0176,0.000748,0.053097,0.298276,45.2782,1.191768
483-0,BRSP,483-0-1,483-0,483,0,1,2005,638007.4,949137.2,0,0,0.949602,0.004609,0.001173,0.016875,0,0.264828,11.55986,1.823248
487-0,BRSP,487-0-1,487-0,487,0,1,2005,630717.7,937077.1,0,0,0.854111,0.029555,0.004693,0.011518,0.017699,0.262241,18.57023,1.562139
217-1,BRSP,217-1-1,217-1,217,1,1,2005,478532.5,997558.1,0,0,0.506631,0.002078,0.146671,0.012855,0,0.199483,16.52349,1.354397
927-0,BRSP,927-0-1,927-0,927,0,1,2006,361006.1,799343.7,0,0,0.514589,0.002858,0.080375,0.010101,0,0.218966,18.85019,1.115185
711-2,BRSP,711-2-1,711-2,711,2,1,2006,447762.8,1104176,0,0,0.371353,0.012043,0.036961,0.003677,0,0.215,27.02212,1.488197
955-0,BRSP,955-0-1,955-0,955,0,1,2005,514991.1,881874.1,0,0,0.928382,0.000422,0.006454,0.041368,0.061947,0.271897,9.471555,1.650166
903-0,BRSP,903-0-1,903-0,903,0,1,2006,589058.6,933624.3,0,0,0.790451,0.054446,0.102376,0.00827,0.00885,0.254483,33.42499,1.610554
770-1,BRSP,770-1-1,770-1,770,1,1,2006,363706,809603.8,0,0,0.440318,0.000852,0.147844,0.006543,0,0.183793,17.09558,0.885436
817-0,BRSP,817-0-1,817-0,817,0,1,2006,441553,1108676,0,0,0.644562,0.011574,0.044881,0.003423,0,0.227931,30.45424,1.540683
165-1,BRSP,165-1-1,165-1,165,1,1,2005,505351.3,1162709,0,0,0.745358,0.026833,0.042534,0.004768,0.035398,0.280517,29.07682,1.56632
894-0,BRSP,894-0-1,894-0,894,0,1,2006,366135.6,1071686,0,0,0.893899,0.179019,0.00792,0.000541,0.00885,0.245517,45.61936,1.215315
730-2,BRSP,730-2-1,730-2,730,2,1,2006,490601.7,964314.9,0,0,0.941645,0.005771,0.075975,0.00394,0,0.235862,16.33908,1.43032
773-1,BRSP,773-1-1,773-1,773,1,1,2006,357046.3,806453.8,0,0,0.832891,0.003869,0.103256,0.008525,0,0.232931,18.21266,0.890938
706-1,BRSP,706-1-1,706-1,706,1,1,2006,378555.1,1126676,0,0,0.05305,0.281702,0.26342,0.000096,0,0.466724,73.15976,0.684296
443-0,BRSP,443-0-1,443-0,443,0,1,2005,442533.8,941937.8,0,0,0.602122,0.00683,0.009387,0.000772,0.141593,0.30569,16.82946,1.391588
247-2,BRSP,247-2-1,247-2,247,2,1,2005,272259.2,1037339,0,0,0.509284,0.438354,0.079202,0,0.00885,0.761034,84.35392,0.56469
83-2,BRSP,83-2-1,83-2,83,2,1,2005,510841,1194479,0,0,0.04244,0.43767,0.063655,0.000653,0,0.461724,53.92557,1.03321
710-1,BRSP,710-1-1,710-1,710,1,1,2006,440653,1106966,0,0,0.787798,0.014272,0.049868,0.003622,0,0.283793,30.54412,1.56456
583-0,BRSP,583-0-1,583-0,583,0,1,2005,260739.5,1052099,0,0,0.421751,0.397018,0.034614,0.000247,0,0.612931,62.53231,1.275943
139-1,BRSP,139-1-1,139-1,139,1,1,2005,555930.1,952737.5,0,0,0.915119,0.071289,0.01672,0.011327,0,0.262069,25.48248,1.369691
891-0,BRSP,891-0-1,891-0,891,0,1,2006,462163,789533.3,0,0,0.578249,0.002468,0.00704,0.005994,0,0.249655,20.63509,1.152486
169-2,BRSP,169-2-1,169-2,169,2,1,2005,560070.3,837356.4,0,0,0.896552,0.094007,0.018774,0.004712,0.017699,0.445,27.50967,1.648075
77-2,BRSP,77-2-1,77-2,77,2,1,2005,675176.4,887036.5,0,0,0.949602,0.002706,0.001467,0.029898,0,0.363966,7.885847,1.438792
458-0,BRSP,458-0-1,458-0,458,0,1,2005,518491,1096379,0,0,0.519894,0.029794,0.166324,0.002937,0.00885,0.308793,29.30761,1.146874
99-1,BRSP,99-1-1,99-1,99,1,1,2005,467282.8,1001698,0,0,0.64191,0.00129,0.208859,0.017711,0,0.221552,12.61916,1.889488
717-1,BRSP,717-1-1,717-1,717,1,1,2006,361455.7,1074476,0,0,0.867374,0.242675,0.022001,0.00047,0,0.332069,45.02891,1.460579
702-1,BRSP,702-1-1,702-1,702,1,1,2006,491411.2,1182746,0,0,0.809019,0.038391,0.003813,0.003463,0.053097,0.274655,33.65631,1.570502
701-1,BRSP,701-1-1,701-1,701,1,1,2006,508510.6,1193096,0,0,0.193634,0.383064,0.068348,0.000899,0,0.490862,53.42813,1.119146
829-0,BRSP,829-0-1,829-0,829,0,1,2006,466392.5,950634.8,0,0,0.938992,0.006233,0.007627,0.001703,0.00885,0.28069,17.73002,1.561039
465-0,BRSP,465-0-1,465-0,465,0,1,2005,490952.3,921147.4,0,0,0.34748,0.00035,0,0.005588,0,0.254483,6.433221,1.629479
604-0,BRSP,604-0-1,604-0,604,0,1,2005,512641.1,1153529,0,0,0.724138,0.0613,0.024641,0.006185,0.053097,0.467241,31.60879,1.619136
747-1,BRSP,747-1-1,747-1,747,1,1,2006,610387.9,899333.9,0,0,0.965517,0.003319,0.00616,0.013221,0.017699,0.242241,18.07199,2.187127
722-1,BRSP,722-1-1,722-1,722,1,1,2006,298546.4,1021558,0,0,0.474801,0.340797,0.091816,8.00E-06,0.088496,0.681035,43.2312,0.950796
754-1,BRSP,754-1-1,754-1,754,1,1,2006,513731.1,880254.1,0,0,0.962865,0.000446,0.0044,0.038725,0,0.255172,9.318904,1.768561
258-1,BRSP,258-1-1,258-1,258,1,1,2005,512551,1191059,0,0,0.318302,0.408759,0.029921,0.000661,0.00885,0.462586,53.39406,1.067211
866-0,BRSP,866-0-1,866-0,866,0,1,2006,362176.1,800783.7,0,0,0.745358,0.002109,0.110296,0.009639,0,0.229138,18.74357,1.092188
580-0,BRSP,580-0-1,580-0,580,0,1,2005,369456.3,822416.9,0,0,0.538462,0.003248,0.075389,0.004466,0,0.141724,22.34333,0.938032
774-2,BRSP,774-2-1,774-2,774,2,1,2006,627847.7,806542.9,0,0,0.100796,0.496525,0.000293,0.000056,0,0.64431,38.818,1.400391
710-2,BRSP,710-2-1,710-2,710,2,1,2006,439393.1,1108226,0,0,0.647215,0.013811,0.060722,0.003502,0.017699,0.276034,31.48055,1.537162
863-0,BRSP,863-0-1,863-0,863,0,1,2006,289818.2,917965,0,0,0.867374,0.278526,0.050161,0,0.079646,0.35569,50.25346,1.225768
730-1,BRSP,730-1-1,730-1,730,1,1,2006,488171.8,962154.9,0,0,0.501326,0.005532,0.074802,0.003654,0,0.225517,16.356,1.451116
857-0,BRSP,857-0-1,857-0,857,0,1,2006,533260.5,868553.9,0,0,0.917772,0.00156,0.003227,0.012776,0.00885,0.276379,17.16996,1.869352
456-0,BRSP,456-0-1,456-0,456,0,1,2005,529470.6,1099889,0,0,0.70557,0.053483,0.016134,0.002109,0.132743,0.284483,32.29591,1.328979
93-1,BRSP,93-1-1,93-1,93,1,1,2005,623967.9,940587.1,0,0,0.822281,0.056802,0.003227,0.014145,0,0.273793,20.28238,1.662049
454-0,BRSP,454-0-1,454-0,454,0,1,2005,461522.8,1101059,0,0,0.567639,0.01038,0.010267,0.003932,0.017699,0.267069,25.56862,1.642683
139-2,BRSP,139-2-1,139-2,139,2,1,2005,557730,952467.5,0,0,0.949602,0.073208,0.054268,0.01303,0,0.273103,25.08431,1.385866
702-2,BRSP,702-2-1,702-2,702,2,1,2006,490331.3,1182206,0,0,0.732095,0.025145,0.00264,0.003574,0,0.212586,31.38392,1.605932
77-1,BRSP,77-1-1,77-1,77,1,1,2005,675086.4,886136.5,0,0,0.909814,0.002778,0.001467,0.028871,0,0.34569,7.913231,1.433731
141-2,BRSP,141-2-1,141-2,141,2,1,2005,484471.9,1205099,0,0,0.6313,0.223539,0.070402,0.001369,0.035398,0.276034,44.473,1.341853
427-0,BRSP,427-0-1,427-0,427,0,1,2005,513991,1160909,0,0,0.607427,0.134579,0.110883,0.00445,0.00885,0.287241,37.88177,1.539142
497-0,BRSP,497-0-1,497-0,497,0,1,2005,356046.7,860307.3,0,0,0.835544,0.000247,0.087416,0.003224,0,0.261724,10.81705,1.683066
711-1,BRSP,711-1-1,711-1,711,1,1,2006,447492.8,1103546,0,0,0.27321,0.012776,0.036961,0.003725,0,0.23431,26.92996,1.501951
709-1,BRSP,709-1-1,709-1,709,1,1,2006,492941.3,1116956,0,0,0.840849,0.001998,0.016134,0.004657,0.053097,0.283621,17.89055,1.746335
833-0,BRSP,833-0-1,833-0,833,0,1,2006,403214.6,883854.4,0,0,0.888594,0.001075,0.024641,0.002913,0.00885,0.266552,19.78545,1.484126
141-1,BRSP,141-1-1,141-1,141,1,1,2005,484921.9,1204199,0,0,0.777188,0.213661,0.073335,0.001361,0.017699,0.281034,44.12034,1.355717
250-2,BRSP,250-2-1,250-2,250,2,1,2005,571679.6,946527.4,0,0,0.840849,0.053013,0.043414,0.016238,0,0.248966,25.7105,1.355717
826-0,BRSP,826-0-1,826-0,826,0,1,2006,497261,1192466,0,0,0.859416,0.215062,0.084189,0.00269,0.035398,0.346034,49.32434,1.322817
258-2,BRSP,258-2-1,258-2,258,2,1,2005,513001,1191779,0,0,0.628647,0.428492,0.024054,0.000605,0,0.496034,53.50969,1.048065
770-2,BRSP,770-2-1,770-2,770,2,1,2006,362716.1,808343.8,0,0,0.220159,0.000844,0.169845,0.007307,0,0.188793,16.96774,0.892148
544-0,BRSP,544-0-1,544-0,544,0,1,2005,485191.9,1201409,0,0,0.774536,0.171585,0.086242,0.001457,0.017699,0.243276,42.16887,1.385866
718-1,BRSP,718-1-1,718-1,718,1,1,2006,361455.5,1069435,0,0,0.718833,0.183771,0.058668,0.000605,0,0.373448,45.55532,1.342513
459-0,BRSP,459-0-1,459-0,459,0,1,2005,517681,1099259,0,0,0.732095,0.016684,0.098269,0.00312,0.221239,0.337241,27.57969,1.134881
774-1,BRSP,774-1-1,774-1,774,1,1,2005,627847.7,805372.9,0,0,0.466844,0.497712,0,0.000088,0,0.51069,38.73002,1.39819
217-2,BRSP,217-2-1,217-2,217,2,1,2005,478082.5,996928.1,0,0,0.538462,0.002165,0.151071,0.012585,0,0.217759,16.61684,1.356157
169-1,BRSP,169-1-1,169-1,169,1,1,2005,559440.3,837806.4,0,0,0.803714,0.081319,0.019654,0.00484,0.035398,0.488103,27.56697,1.649395
878-0,BRSP,878-0-1,878-0,878,0,1,2006,365236,802943.7,0,0,0.432361,0.001202,0.187152,0.009496,0,0.217069,19.76582,1.026938
840-0,BRSP,840-0-1,840-0,840,0,1,2006,383865.3,891414.6,0,0,0.970822,0.000764,0.017014,0.001122,0.017699,0.222759,8.922314,1.812574
185-2,BRSP,185-2-1,185-2,185,2,1,2005,520020.9,1092689,0,0,0.618037,0.042466,0.168965,0.002388,0.00885,0.260172,31.48797,1.161619
971-0,BRSP,971-0-1,971-0,971,0,1,2006,297288,933715.1,0,0,0.371353,0.220936,0.069229,0.000048,0.044248,0.614655,45.17895,2.204072
142-2,BRSP,142-2-1,142-2,142,2,1,2005,487081.8,1211129,0,0,0.03183,0.363069,0.083602,0.000661,0,0.523448,51.47768,1.135431
740-2,BRSP,740-2-1,740-2,740,2,1,2006,302057.8,925165.1,1,1,0.782493,0.102468,0.016427,0.000151,0.026549,0.275172,38.07396,2.135191
776-2,BRSP,776-2-1,776-2,776,2,1,2006,467742.8,793583.4,1,1,0.214854,0.004418,0.004987,0.00597,0,0.226552,18.33801,1.19991
556-0,BRSP,556-0-1,556-0,556,0,1,2005,484292.3,988198,1,4,0.777188,0.00433,0.004987,0.006018,0.061947,0.401034,18.92531,1.256027
73-2,BRSP,73-2-1,73-2,73,2,1,2005,467822.7,1101059,1,1,0.68435,0.011056,0.011734,0.00468,0,0.259828,25.97792,1.681635
870-0,BRSP,870-0-1,870-0,870,0,1,2006,289278.3,908694.9,1,3,0.954907,0.174999,0.015547,0,0,0.384138,40.89093,1.237432
777-1,BRSP,777-1-1,777-1,777,1,1,2006,540370.6,780983,1,1,0.925729,0.062374,0.000293,0.001449,0,0.311379,23.95585,1.104292
766-1,BRSP,766-1-1,766-1,766,1,1,2006,361006.8,817433.9,1,1,0.734748,0.001226,0.116456,0.004959,0.017699,0.164483,15.73108,0.893909
241-2,BRSP,241-2-1,241-2,241,2,1,2005,537120.9,867866.8,1,7,0.909814,0.002054,0.005573,0.013516,0,0.255172,19.81907,1.850646
745-1,BRSP,745-1-1,745-1,745,1,1,2006,291708.2,910314.9,1,3,0.907162,0.160942,0.014374,0.000024,0.061947,0.364655,41.64037,1.2656
703-1,BRSP,703-1-1,703-1,703,1,1,2006,493301.2,1138556,1,2,0.920424,0.001926,0.009974,0.006742,0,0.316379,15.05595,1.908193
24-1,BRSP,24-1-1,24-1,24,1,1,2005,440013.9,903057.4,1,5,0.700265,0.000183,0.007334,0.002468,0,0.256207,8.96616,0.822277
737-1,BRSP,737-1-1,737-1,737,1,1,2006,476742.2,945325,1,5,0.854111,0.001473,0.00528,0.003662,0,0.26,14.80602,1.69803
468-0,BRSP,468-0-1,468-0,468,0,1,2005,503101.8,922947.4,1,2,0.915119,0.000127,0.000293,0.006599,0,0.255345,6.333549,1.835241
1-Feb,BRSP,2/1/2001,1-Feb,2,1,1,2005,343266.9,962008.2,1,4,0.949602,0.000812,0.00704,0.000143,0,0.266724,10.95187,1.624858
739-2,BRSP,739-2-1,739-2,739,2,1,2006,581318.8,934254.3,1,2,0.848806,0.051413,0.078909,0.011606,0.044248,0.286552,32.27097,1.617376
439-0,BRSP,439-0-1,439-0,439,0,1,2005,426604.3,948957.9,1,2,0.697613,0.165543,0.01056,0.000295,0.044248,0.263276,23.67738,2.03121
47-2,BRSP,47-2-1,47-2,47,2,1,2005,268389.5,854007.4,1,4,0.655172,0.007228,0.00616,0.000653,0.044248,0.348103,33.08596,1.558398
749-1,BRSP,749-1-1,749-1,749,1,1,2006,395204.9,890514.5,1,3,0.973475,0.001091,0.021707,0.001664,0,0.260862,14.81685,1.478074
739-1,BRSP,739-1-1,739-1,739,1,1,2006,581318.8,933264.3,1,2,0.824934,0.050299,0.064828,0.011112,0.070796,0.330862,32.125,1.620237
753-1,BRSP,753-1-1,753-1,753,1,1,2006,299627.9,881154.6,1,5,0.745358,0.001035,0.009387,0.0007,0.053097,0.347759,17.51644,1.754367
122-2,BRSP,122-2-1,122-2,122,2,1,2005,265509.4,1055879,1,2,0.363395,0.342548,0.085656,0.001122,0,0.74569,59.05639,1.337892
42-2,BRSP,42-2-1,42-2,42,2,1,2005,299078.5,878847.6,1,5,0.787798,0.001138,0.008507,0.000685,0.026549,0.290345,17.30966,1.813235
721-1,BRSP,721-1-1,721-1,721,1,1,2006,296047.8,1028147,1,3,0.604775,0.370607,0.168965,0,0.176991,0.603966,55.87191,0.709933
732-1,BRSP,732-1-1,732-1,732,1,1,2006,481332,959994.9,1,4,0.763926,0.006448,0.024934,0.003303,0.017699,0.217241,15.71609,1.53001
68-1,BRSP,68-1-1,68-1,68,1,1,2005,400595.3,817106.8,1,3,0.474801,0.021627,0.172191,0.002515,0.115044,0.36069,35.65935,1.178234
17-2,BRSP,17-2-1,17-2,17,2,1,2005,460173.3,922767.6,1,4,0.649867,0.000525,0.00176,0.007005,0,0.24069,7.996915,1.117276
109-2,BRSP,109-2-1,109-2,109,2,1,2005,524250.8,1106639,1,4,0.782493,0.022367,0.054561,0.003447,0,0.28569,27.52337,1.270221
707-1,BRSP,707-1-1,707-1,707,1,1,2006,375045.2,1125326,1,1,0.045093,0.303736,0.248753,0.000088,0,0.501552,81.85014,0.506702
889-0,BRSP,889-0-1,889-0,889,0,1,2006,450193.2,855324.1,1,1,0.883289,0.001393,0.010854,0.004139,0.026549,0.217241,14.65341,1.650056
972-0,BRSP,972-0-1,972-0,972,0,1,2006,298457.9,935335.1,1,5,0.737401,0.202756,0.058375,0.000072,0.070796,0.510345,43.33506,2.260849
754-2,BRSP,754-2-1,754-2,754,2,1,2006,514271.1,879804.1,1,2,0.984085,0.000438,0.004693,0.038248,0,0.262931,9.380149,1.769662
756-1,BRSP,756-1-1,756-1,756,1,1,2006,438763.9,878454.1,1,3,0.97878,0.001194,0.011147,0.001496,0.017699,0.255172,13.34991,1.187477
241-1,BRSP,241-1-1,241-1,241,1,1,2005,536040.9,868226.8,1,6,0.835544,0.001767,0.0044,0.013285,0.19469,0.28431,18.95652,1.879034
738-2,BRSP,738-2-1,738-2,738,2,1,2006,468912.4,945144.8,1,1,0.830239,0.002157,0.00616,0.002181,0,0.245862,15.31808,1.604832
504-0,BRSP,504-0-1,504-0,504,0,1,2005,268749.3,1038599,1,3,0.618037,0.444396,0.074215,0,0.00885,0.633448,82.31744,0.628509
722-2,BRSP,722-2-1,722-2,722,2,1,2006,298097.8,1022636,1,2,0.469496,0.350413,0.098856,8.00E-06,0.026549,0.704138,45.01461,0.905352
758-1,BRSP,758-1-1,758-1,758,1,1,2006,291168.2,876744.6,1,5,0.859416,0.003009,0.002053,0.000478,0.185841,0.342759,22.14458,1.815985
21-2,BRSP,21-2-1,21-2,21,2,1,2005,443343.8,931137.7,1,2,0.586207,0.00078,0.074802,0.003303,0.017699,0.229483,11.84104,1.10033
98-2,BRSP,98-2-1,98-2,98,2,1,2005,563759.8,966687.6,1,1,0.798409,0.024047,0.056028,0.027541,0,0.271552,17.72048,1.318636
748-1,BRSP,748-1-1,748-1,748,1,1,2006,390885,891414.6,1,7,0.830239,0.001106,0.002347,0.001353,0.070796,0.254828,11.66449,1.618256
29-2,BRSP,29-2-1,29-2,29,2,1,2005,384935.7,899817.6,1,11,0.938992,0.001297,0.043121,0.000605,0,0.251897,8.600457,2.012835
760-2,BRSP,760-2-1,760-2,760,2,1,2006,525250.8,869543.9,1,1,0.931035,0.000899,0.00352,0.016047,0,0.256207,12.578,1.859339
602-0,BRSP,602-0-1,602-0,602,0,1,2005,381785.8,901887.6,1,1,0.681698,0.00117,0.080669,0.000287,0.00885,0.240862,7.344371,2.079735
737-2,BRSP,737-2-1,737-2,737,2,1,2006,477462,946042.8,1,2,0.851459,0.001695,0.005867,0.003853,0,0.237931,14.79267,1.687357
99-2,BRSP,99-2-1,99-2,99,2,1,2005,468542.8,1002238,1,4,0.64191,0.001282,0.182752,0.017838,0,0.234828,12.81205,1.821377
816-0,BRSP,816-0-1,816-0,816,0,1,2006,452533.1,878994.3,1,3,0.965517,0.000143,0.00088,0.002619,0.017699,0.236552,9.633344,1.158978
156-2,BRSP,156-2-1,156-2,156,2,1,2005,489152.2,991168,1,3,0.790451,0.003829,0.051335,0.007045,0.017699,0.265,18.97211,1.29806
736-1,BRSP,736-1-1,736-1,736,1,1,2006,433183.6,948924.9,1,2,0.938992,0.108789,0.004693,0.000302,0.035398,0.290517,22.0606,1.974873
757-1,BRSP,757-1-1,757-1,757,1,1,2006,443893.3,876924.3,1,4,0.915119,0.001027,0.00352,0.001616,0,0.269655,11.89386,1.252396
735-2,BRSP,735-2-1,735-2,735,2,1,2006,470712.3,948294.8,1,2,0.928382,0.00324,0.00528,0.002253,0.053097,0.283621,15.85656,1.622217
801-0,BRSP,801-0-1,801-0,801,0,1,2006,358216.2,816983.9,1,1,0.814324,0.002698,0.160458,0.005078,0.00885,0.175345,15.15361,0.875753
17-1,BRSP,17-1-1,17-1,17,1,1,2005,459363.3,921957.6,1,6,0.689655,0.000517,0.012614,0.007116,0,0.268966,7.90916,1.095929
757-2,BRSP,757-2-1,757-2,757,2,1,2006,444521.6,878094.3,1,3,0.859416,0.000971,0.00176,0.001759,0.017699,0.258621,11.13495,1.200681
485-0,BRSP,485-0-1,485-0,485,0,1,2005,631077.6,947877.2,1,2,0.96817,0.007204,0.000587,0.022176,0,0.307414,14.44904,1.812794
156-1,BRSP,156-1-1,156-1,156,1,1,2005,487982.2,991258,1,3,0.819629,0.003765,0.033734,0.007076,0,0.281207,18.93761,1.284526
712-1,BRSP,712-1-1,712-1,712,1,1,2006,439663.1,1099946,1,2,0.514589,0.028982,0.029334,0.003996,0.433628,0.371379,28.95079,1.524398
807-0,BRSP,807-0-1,807-0,807,0,1,2006,449473.2,878904.3,1,1,0.904509,0.0007,0.002347,0.002213,0,0.234138,10.04249,1.145444
23-1,BRSP,23-1-1,23-1,23,1,1,2005,405905,910077.6,1,6,0.814324,0.001345,0.007627,0.00039,0.132743,0.267759,16.53053,1.419206
721-2,BRSP,721-2-1,721-2,721,2,1,2006,298997.8,1026236,1,1,0.456233,0.354496,0.12643,0,0.150442,0.67431,48.69889,0.825798
67-2,BRSP,67-2-1,67-2,67,2,1,2005,277389.2,845007.3,1,6,0.740053,0.00484,0.004107,0.001918,0,0.267759,26.09247,1.493919
827-0,BRSP,827-0-1,827-0,827,0,1,2006,298458,885114.7,1,1,0.862069,0.002651,0.012614,0.000677,0.017699,0.276724,19.76693,1.711344
70-2,BRSP,70-2-1,70-2,70,2,1,2005,364236.5,817916.8,1,2,0.700265,0.00113,0.073042,0.004561,0,0.223966,17.16367,0.914925
767-2,BRSP,767-2-1,767-2,767,2,1,2006,623707.8,818063.1,1,6,0.984085,0.413686,0.003227,0.000167,0.00885,0.436724,37.91425,1.452656
462-0,BRSP,462-0-1,462-0,462,0,1,2005,496352.1,911697.4,1,2,0.302387,0.000509,0,0.011542,0,0.280345,5.979716,1.407653
29-1,BRSP,29-1-1,29-1,29,1,1,2005,384845.7,899007.6,1,6,0.920424,0.001297,0.037254,0.000621,0.00885,0.243103,8.631345,1.99853
788-2,BRSP,788-2-1,788-2,788,2,1,2006,645487,755962.3,1,6,0.915119,0.081892,0.003813,0,0,0.319655,16.5565,1.36617
137-2,BRSP,137-2-1,137-2,137,2,1,2005,558540,955527.5,1,1,0.907162,0.040906,0.0176,0.013811,0,0.231034,19.91066,1.510534
98-1,BRSP,98-1-1,98-1,98,1,1,2005,562949.8,965787.6,1,7,0.814324,0.024254,0.080962,0.026411,0,0.289828,17.67677,1.347135
746-1,BRSP,746-1-1,746-1,746,1,1,2006,392774.9,901404.6,1,5,0.461538,0.001425,0.146377,0.000645,0.159292,0.235345,11.93806,1.679544
509-0,BRSP,509-0-1,509-0,509,0,1,2005,679766.3,885146.4,1,3,0.944297,0.001791,0.006454,0.034873,0,0.383793,7.264144,1.372772
969-0,BRSP,969-0-1,969-0,969,0,1,2006,304127.8,932815.1,1,3,0.806366,0.118484,0.0088,0.000111,0.097345,0.296207,36.63955,2.312014
511-0,BRSP,511-0-1,511-0,511,0,1,2005,374496.1,837267,1,9,0.923077,0.004975,0.010854,0.006264,0.035398,0.268793,29.13211,1.487317
19-1,BRSP,19-1-1,19-1,19,1,1,2005,508051.7,914217.3,1,5,0.962865,0.00043,0.000293,0.00952,0,0.251552,6.114281,1.650716
717-2,BRSP,717-2-1,717-2,717,2,1,2006,360735.7,1073936,1,1,0.665783,0.241377,0.017014,0.000478,0.00885,0.296034,44.99075,1.46564
779-1,BRSP,779-1-1,779-1,779,1,1,2006,528670.9,779183,1,7,0.965517,0.002889,0.001467,0.001202,0,0.359483,18.16621,1.224228
709-2,BRSP,709-2-1,709-2,709,2,1,2006,491861.3,1117226,1,2,0.785146,0.001799,0.012907,0.004776,0,0.271897,17.74782,1.755357
112-1,BRSP,112-1-1,112-1,112,1,1,2005,529290.6,1122119,1,1,0.891247,0.086381,0.005867,0.002929,0,0.421207,32.33358,1.486547
83-1,BRSP,83-1-1,83-1,83,1,1,2005,511921,1196099,1,1,0.005305,0.476156,0.071869,0.000533,0,0.503276,53.61111,0.978634
576-0,BRSP,576-0-1,576-0,576,0,1,2005,398615.5,787586.4,1,4,0.376658,0.04889,0.01672,0.001632,0.053097,0.348621,44.23536,1.324688
223-2,BRSP,223-2-1,223-2,223,2,1,2005,525510.9,1008988,1,4,0.901857,0.00468,0.032854,0.025949,0,0.291724,13.98253,1.880795
747-2,BRSP,747-2-1,747-2,747,2,1,2006,609938,898703.9,1,2,0.973475,0.003184,0.006747,0.013182,0,0.264483,18.01051,2.199341
538-0,BRSP,538-0-1,538-0,538,0,1,2005,576539.4,958047.5,1,5,0.907162,0.02864,0.065708,0.019566,0,0.24069,18.21054,1.410074
766-2,BRSP,766-2-1,766-2,766,2,1,2006,360106.1,819143.9,1,4,0.777188,0.001146,0.110296,0.005094,0,0.21569,15.24588,0.881695
32-1,BRSP,32-1-1,32-1,32,1,1,2005,313298,883257.6,1,4,0.755968,0.000183,0.040481,0.000892,0,0.20931,10.72535,1.675253
960-0,BRSP,960-0-1,960-0,960,0,1,2006,279828.6,885384.8,1,6,0.970822,0.025671,0.045468,0.000024,0.035398,0.41431,31.12656,1.572812
2-Feb,BRSP,2/2/2001,2-Feb,2,2,1,2005,343086.9,963178.2,1,5,0.997347,0.000892,0.004987,0.000127,0,0.272931,11.0426,1.626619
555-0,BRSP,555-0-1,555-0,555,0,1,2005,482312.4,999898.1,1,1,0.68435,0.002229,0.109416,0.011661,0,0.239655,16.52906,1.321057
899-0,BRSP,899-0-1,899-0,899,0,1,2006,530740.8,782873.1,1,6,0.965517,0.005604,0.000587,0.001847,0,0.329138,17.96667,1.226538
561-0,BRSP,561-0-1,561-0,561,0,1,2005,353526.6,944728.1,1,7,0.827586,0.000072,0.007627,0.000103,0.035398,0.226724,8.359802,1.703862
575-0,BRSP,575-0-1,575-0,575,0,1,2005,387905.6,898107.6,1,9,0.997347,0.00129,0.016427,0.000732,0,0.240172,9.716888,1.885196
808-0,BRSP,808-0-1,808-0,808,0,1,2006,467832.8,796103.4,1,2,0.541114,0.004163,0.008507,0.005922,0.00885,0.230172,17.13702,1.136201
574-0,BRSP,574-0-1,574-0,574,0,1,2005,442893.8,901527.4,1,9,0.72679,0.000143,0.012614,0.002054,0,0.251552,8.328216,0.804892
109-1,BRSP,109-1-1,109-1,109,1,1,2005,523350.8,1105649,1,2,0.64191,0.021683,0.051921,0.00355,0.00885,0.258793,27.34572,1.245134
750-1,BRSP,750-1-1,750-1,750,1,1,2006,398444.8,889254.5,1,5,0.734748,0.001313,0.042241,0.001918,0,0.222069,17.55893,1.402481
756-2,BRSP,756-2-1,756-2,756,2,1,2006,437593.6,877284.3,1,2,0.909814,0.001481,0.034028,0.001457,0.017699,0.223621,14.67791,1.242273
712-2,BRSP,712-2-1,712-2,712,2,1,2006,440743,1099766,1,3,0.689655,0.028839,0.026694,0.004107,0,0.277241,28.52769,1.522967
773-2,BRSP,773-2-1,773-2,773,2,1,2006,358396.2,806363.8,1,3,0.763926,0.00363,0.130243,0.008541,0,0.203966,18.12974,0.875093
2-Aug,BRSP,8/2/2001,2-Aug,8,2,1,2005,352086.7,950668.1,1,5,0.928382,0.000151,0.000293,0.000127,0,0.250345,8.901832,1.706723
836-0,BRSP,836-0-1,836-0,836,0,1,2006,473952.6,793043.3,1,1,0.628647,0.007634,0.00264,0.006233,0.017699,0.254483,17.77192,1.167671
732-2,BRSP,732-2-1,732-2,732,2,1,2006,481512,961074.9,1,7,0.763926,0.006686,0.025814,0.003152,0,0.237069,15.87776,1.490178
196-2,BRSP,196-2-1,196-2,196,2,1,2005,395465.6,787856.4,1,4,0.628647,0.050179,0.024347,0.00191,0.053097,0.398276,44.41389,1.313465
740-1,BRSP,740-1-1,740-1,740,1,1,2006,302777.8,925615.1,1,1,0.708223,0.099889,0.01672,0.000159,0,0.266034,37.70007,2.151696
28-2,BRSP,28-2-1,28-2,28,2,1,2005,494192.2,906297.3,1,2,0.013263,0.000501,0.039894,0.014678,0.00885,0.232759,6.48767,1.406222
70-1,BRSP,70-1-1,70-1,70,1,1,2005,365226.5,818006.8,1,1,0.801061,0.001138,0.065122,0.004426,0,0.218448,17.86083,0.919436
777-2,BRSP,777-2-1,777-2,777,2,1,2006,541360.5,780983,1,3,0.981432,0.073303,0,0.001377,0,0.34569,24.69635,1.087897
476-0,BRSP,476-0-1,476-0,476,0,1,2005,263979.6,852837.4,1,3,0.870027,0.009568,0.001467,0.000151,0.017699,0.422414,34.59494,1.572042
221-2,BRSP,221-2-1,221-2,221,2,1,2005,523441,1011598,1,3,0.912467,0.002046,0.023467,0.026403,0,0.251724,12.0231,1.860989
779-2,BRSP,779-2-1,779-2,779,2,1,2006,529120.9,778553,1,6,0.952255,0.003646,0.001467,0.000892,0,0.352414,18.5258,1.213004
783-1,BRSP,783-1-1,783-1,783,1,1,2006,644497.3,771892.5,1,3,0.912467,0.016501,0.002933,0.000016,0,0.307931,13.57134,1.400281
783-2,BRSP,783-2-1,783-2,783,2,1,2006,644677.3,770362.5,1,3,0.936339,0.015418,0.0044,8.00E-06,0,0.307759,13.41243,1.395329
963-0,BRSP,963-0-1,963-0,963,0,1,2006,634597.6,762802.4,1,5,0.973475,0.194414,0.00088,0,0,0.362069,26.16044,1.086906
112-2,BRSP,112-2-1,112-2,112,2,1,2005,529740.6,1121489,1,1,0.832891,0.085609,0.006747,0.002842,0.061947,0.304655,32.38313,1.488307
63-1,BRSP,63-1-1,63-1,63,1,1,2005,375306.1,834386.9,1,4,0.870027,0.007045,0.0176,0.005675,0.044248,0.26931,29.43928,1.418436
819-0,BRSP,819-0-1,819-0,819,0,1,2006,354166.3,806003.8,1,2,0.856764,0.004083,0.076855,0.008406,0,0.240172,19.31836,0.93165
772-2,BRSP,772-2-1,772-2,772,2,1,2006,622177.9,808343,1,2,0.039788,0.516704,0.001467,0.000064,0,0.695862,40.28462,1.400171
846-0,BRSP,846-0-1,846-0,846,0,1,2006,493931.2,1124516,1,5,0.485411,0.001536,0.0176,0.006463,0,0.285862,15.9972,1.924808
67-1,BRSP,67-1-1,67-1,67,1,1,2005,277749.2,846087.3,1,6,0.665783,0.00468,0.004107,0.001902,0.221239,0.334138,26.03619,1.483025
809-0,BRSP,809-0-1,809-0,809,0,1,2006,532270.8,783953.1,1,3,0.98939,0.008461,0.000293,0.00203,0,0.382414,18.52995,1.19727
731-1,BRSP,731-1-1,731-1,731,1,1,2006,487631.8,960984.9,1,5,0.411141,0.005811,0.062775,0.003789,0,0.230517,16.38566,1.449355
968-0,BRSP,968-0-1,968-0,968,0,1,2006,301607.8,929215.1,1,2,0.753316,0.126444,0.050455,0.000119,0.123894,0.436379,38.99529,2.272513
191-1,BRSP,191-1-1,191-1,191,1,1,2005,630897.6,950577.2,1,2,0.976127,0.007331,0.000587,0.023792,0,0.314828,14.77929,1.827649
63-2,BRSP,63-2-1,63-2,63,2,1,2005,375396.1,833486.9,1,5,0.848806,0.007657,0.027281,0.005691,0.026549,0.231552,29.54266,1.393569
247-1,BRSP,247-1-1,247-1,247,1,1,2005,271359.2,1037069,1,3,0.602122,0.440647,0.074509,0,0,0.715862,84.43664,0.568211
832-0,BRSP,832-0-1,832-0,832,0,1,2006,457842.9,871884.2,1,3,0.97878,0.000159,0.001173,0.004338,0,0.240517,9.279356,1.448035
499-0,BRSP,499-0-1,499-0,499,0,1,2005,360906.5,852477.2,1,9,0.803714,0.000374,0.062482,0.004083,0,0.218103,13.52187,1.683066
768-1,BRSP,768-1-1,768-1,768,1,1,2006,631267.6,813743,1,1,0.748011,0.497178,0.002347,0.000056,0.097345,0.477759,37.42186,1.39918
838-0,BRSP,838-0-1,838-0,838,0,1,2006,403844.6,880884.4,1,3,0.909814,0.000931,0.018187,0.003614,0,0.231724,19.59945,1.538812
229-2,BRSP,229-2-1,229-2,229,2,1,2005,577979.7,845096.4,1,3,0.864721,0.1208,0.022001,0.011255,0,0.32431,18.80037,1.449245
24-2,BRSP,24-2-1,24-2,24,2,1,2005,439833.9,904047.4,1,4,0.848806,0.000183,0.007627,0.002921,0,0.245,8.969159,0.828439
492-0,BRSP,492-0-1,492-0,492,0,1,2005,404105.3,811076.6,1,3,0.814324,0.018666,0.050455,0.001727,0.088496,0.413448,35.27544,1.182195
758-2,BRSP,758-2-1,758-2,758,2,1,2006,292068.2,876834.6,1,2,0.864721,0.002722,0.002347,0.000494,0.053097,0.329655,21.76862,1.801241
736-2,BRSP,736-2-1,736-2,736,2,1,2006,433003.6,947844.9,1,1,0.907162,0.094556,0.005867,0.00031,0,0.265862,21.02348,1.995559
900-0,BRSP,900-0-1,900-0,900,0,1,2006,594458.4,933534.3,1,1,0.893899,0.074736,0.058082,0.006774,0.017699,0.273448,32.50473,1.656548
735-1,BRSP,735-1-1,735-1,735,1,1,2006,469992.4,948024.8,1,2,0.941645,0.00316,0.005867,0.002181,0,0.277586,15.88571,1.623758
750-2,BRSP,750-2-1,750-2,750,2,1,2006,397454.8,889344.5,1,1,0.766578,0.001226,0.037548,0.001902,0,0.218621,16.81852,1.420857
453-0,BRSP,453-0-1,453-0,453,0,1,2005,472952.4,1122659,1,2,0.840849,0.001568,0.016427,0.006838,0,0.252241,19.6479,1.586897
748-2,BRSP,748-2-1,748-2,748,2,1,2006,390885,892134.6,1,10,0.803714,0.001098,0.002347,0.001218,0.185841,0.258448,11.51677,1.616936
719-2,BRSP,719-2-1,719-2,719,2,1,2006,365685.6,1068266,1,1,0.795756,0.141114,0.01848,0.000716,0,0.246207,45.22955,1.218616
569-0,BRSP,569-0-1,569-0,569,0,1,2005,344616.9,958678.2,1,7,0.952255,0.000613,0.019654,0.000175,0,0.276552,10.95393,1.692528
589-0,BRSP,589-0-1,589-0,589,0,1,2005,422734.4,952827.9,1,1,0.867374,0.256517,0.0132,0.000239,0,0.356034,28.22143,1.876724
14-1,BRSP,14-1-1,14-1,14,1,1,2005,437133.9,938967.8,1,1,0.623342,0.004402,0.0044,0.001011,0.20354,0.266552,15.79631,1.475873
746-2,BRSP,746-2-1,746-2,746,2,1,2006,393224.9,898884.6,1,2,0.657825,0.001297,0.162511,0.000788,0.00885,0.223448,12.48306,1.655227
404-0,BRSP,404-0-1,404-0,404,0,1,2005,296558.5,886317.6,1,7,0.870027,0.009433,0.01144,0.000597,0.035398,0.285345,22.29642,1.679875
479-0,BRSP,479-0-1,479-0,479,0,1,2005,276399.2,851037.3,1,3,0.721485,0.004625,0.002347,0.001656,0.079646,0.397931,28.15605,1.492268
874-0,BRSP,874-0-1,874-0,874,0,1,2006,378465.1,1136666,1,2,0.745358,0.294606,0.120563,0.000382,0.106195,0.418276,62.91859,0.825138
905-0,BRSP,905-0-1,905-0,905,0,1,2006,290538.3,872604.6,1,3,0.851459,0.002436,0.0044,0.000724,0.053097,0.349138,21.28905,1.79926
908-0,BRSP,908-0-1,908-0,908,0,1,2006,295308.1,881694.7,1,2,0.740053,0.00359,0.00528,0.000565,0.035398,0.343793,21.06057,1.813785
914-0,BRSP,914-0-1,914-0,914,0,1,2006,306107.7,924625.1,1,1,0.830239,0.073948,0.003813,0.000263,0.070796,0.267414,35.72222,2.176784
848-0,BRSP,848-0-1,848-0,848,0,1,2006,408434.5,882324.4,1,1,0.854111,0.00125,0.016427,0.001958,0.017699,0.26569,20.54805,1.49887
946-0,BRSP,946-0-1,946-0,946,0,1,2006,509771.3,879714.1,1,6,0.838196,0.000486,0.00704,0.035772,0.061947,0.241207,8.733402,1.921397
949-0,BRSP,949-0-1,949-0,949,0,1,2006,440563.3,956844.9,1,4,0.70557,0.099149,0.01056,0.000414,0.176991,0.57069,27.85803,1.86319
767-1,BRSP,767-1-1,767-1,767,1,1,2006,623617.8,816803.1,1,3,0.899204,0.422538,0.00792,0.000111,0.017699,0.413621,38.24924,1.439783
452-0,BRSP,452-0-1,452-0,452,0,1,2005,443883.8,905757.4,1,6,0.798409,0.000064,0.005573,0.003415,0,0.253103,7.88341,0.806652
265-2,BRSP,265-2-1,265-2,265,2,1,2005,427054.3,952827.9,1,4,0.888594,0.225338,0.0044,0.000247,0,0.308793,27.02757,1.955287
49-2,BRSP,49-2-1,49-2,49,2,1,2005,351816.8,845817.1,1,5,0.564987,0.00043,0.069522,0.006368,0,0.243621,9.103085,1.647305
893-0,BRSP,893-0-1,893-0,893,0,1,2006,441733.3,955404.9,1,4,0.859416,0.073669,0.001173,0.000342,0.017699,0.387241,25.72627,1.844044
974-0,BRSP,974-0-1,974-0,974,0,1,2006,292248.2,880344.7,1,3,0.689655,0.005118,0.00088,0.000494,0.292035,0.430862,22.79769,1.826989
764-1,BRSP,764-1-1,764-1,764,1,1,2006,440653.5,863064.1,1,5,0.625995,0.00363,0.025521,0.002269,0.00885,0.317931,18.83323,1.526048
768-2,BRSP,768-2-1,768-2,768,2,1,2006,632077.6,813743,1,3,0.750663,0.503785,0.002347,0.000056,0.017699,0.487586,37.14333,1.392248
177-1,BRSP,177-1-1,177-1,177,1,1,2005,436593.9,955077.9,1,5,0.888594,0.138201,0.010267,0.000143,0.017699,0.393448,27.22106,1.936031
457-0,BRSP,457-0-1,457-0,457,0,1,2005,522180.8,1102859,1,1,0.530504,0.021906,0.052215,0.00351,0.053097,0.263448,27.52282,1.204642
13-1,BRSP,13-1-1,13-1,13,1,1,2005,417154.6,941217.8,1,9,0.843501,0.059294,0.001173,0.000438,0.185841,0.292069,17.74572,1.758438
599-0,BRSP,599-0-1,599-0,599,0,1,2005,282879,834837.2,1,8,0.64191,0.005389,0.003227,0.005453,0.026549,0.303793,20.94867,1.643234
49-1,BRSP,49-1-1,49-1,49,1,1,2005,352626.8,845817.1,1,4,0.615385,0.000406,0.071575,0.00589,0,0.262931,9.293576,1.653357
704-2,BRSP,704-2-1,704-2,704,2,1,2005,374865.2,1136756,1,2,0.275862,0.317164,0.178351,0.000844,0,0.482414,66.64643,0.725118
790-1,BRSP,790-1-1,790-1,790,1,1,2006,630997.3,752362.3,1,5,0.62069,0.342835,0.00088,0,0.00885,0.669138,29.60498,1.115515
250-1,BRSP,250-1-1,250-1,250,1,1,2005,572039.6,947427.4,1,2,0.840849,0.048954,0.037254,0.016469,0,0.282069,24.79762,1.363199
482-0,BRSP,482-0-1,482-0,482,0,1,2005,623427.9,945897.2,1,3,0.899204,0.034737,0.006454,0.02142,0,0.301552,18.37715,1.694729
590-0,BRSP,590-0-1,590-0,590,0,1,2005,348576.8,946078.1,1,7,0.915119,0.000135,0.006747,0.000183,0.017699,0.25431,9.54152,1.624088
442-0,BRSP,442-0-1,442-0,442,0,1,2005,420214.5,943647.9,1,2,0.872679,0.097072,0.001467,0.000438,0.141593,0.305172,19.8495,1.861319
769-1,BRSP,769-1-1,769-1,769,1,1,2006,360916.1,812303.8,1,2,0.458886,0.001934,0.155177,0.006249,0,0.195,16.38002,0.870471
775-1,BRSP,775-1-1,775-1,775,1,1,2006,471972.7,796553.4,1,3,0.522546,0.00589,0.00616,0.005882,0,0.28431,16.64759,1.140933
778-2,BRSP,778-2-1,778-2,778,2,1,2006,545320.4,779452.9,1,4,0.392573,0.117282,0.001173,0.000613,0,0.543966,27.92264,1.007353
513-0,BRSP,513-0-1,513-0,513,0,1,2005,364236.4,845907.1,1,6,0.702918,0.000748,0.057495,0.004418,0.00885,0.219138,16.91303,1.767351
856-0,BRSP,856-0-1,856-0,856,0,1,2006,608678,913914.1,1,1,0.931035,0.043907,0.022881,0.013285,0,0.266034,24.63793,1.847895
177-2,BRSP,177-2-1,177-2,177,2,1,2005,437583.9,954087.9,1,6,0.830239,0.115117,0.009387,0.000151,0.115044,0.381552,25.63976,1.906103
185-1,BRSP,185-1-1,185-1,185,1,1,2005,518851,1092059,1,1,0.636605,0.043652,0.173071,0.00238,0.079646,0.336897,31.31332,1.154357
738-1,BRSP,738-1-1,738-1,738,1,1,2006,468912.4,946134.8,1,1,0.801061,0.002372,0.00528,0.002093,0.00885,0.257931,15.50406,1.617706
788-1,BRSP,788-1-1,788-1,788,1,1,2006,646117.3,755242.3,1,3,0.71618,0.093681,0.003813,0,0,0.319138,16.89531,1.362869
882-0,BRSP,882-0-1,882-0,882,0,1,2006,400964.7,892134.5,1,6,0.936339,0.0016,0.019654,0.001321,0,0.238793,19.0891,1.39929
775-2,BRSP,775-2-1,775-2,775,2,1,2006,472152.6,797453.4,1,2,0.477454,0.005914,0.0088,0.005747,0,0.258276,16.30527,1.121347
223-1,BRSP,223-1-1,223-1,223,1,1,2005,524251,1008448,1,5,0.835544,0.003884,0.034028,0.026642,0.061947,0.248276,13.80303,1.869572
21-1,BRSP,21-1-1,21-1,21,1,1,2005,443433.8,932217.7,1,5,0.870027,0.000844,0.053388,0.003136,0,0.225345,12.13174,1.126848
541-0,BRSP,541-0-1,541-0,541,0,1,2005,553320.2,947967.5,1,2,0.779841,0.066458,0.015254,0.008748,0.132743,0.271034,26.24904,1.341743
1-Aug,BRSP,8/1/2001,1-Aug,8,1,1,2005,351636.7,949948.1,1,4,0.917772,0.000159,0.000587,0.000135,0,0.283621,8.977125,1.695939
790-2,BRSP,790-2-1,790-2,790,2,1,2006,630187.8,752272.4,1,3,0.612732,0.361175,0.001173,0,0,0.668966,31.03132,1.077554
962-0,BRSP,962-0-1,962-0,962,0,1,2006,289728.3,882594.7,1,3,0.846154,0.010849,0.0044,0.00035,0.079646,0.40931,25.20645,1.726198
703-2,BRSP,703-2-1,703-2,703,2,1,2006,493571.2,1137746,1,7,0.984085,0.001894,0.010854,0.006694,0,0.251552,15.09572,1.905332
229-1,BRSP,229-1-1,229-1,229,1,1,2005,577529.7,845726.5,1,2,0.718833,0.11097,0.023174,0.011653,0.00885,0.356207,18.54086,1.440003
122-1,BRSP,122-1-1,122-1,122,1,1,2005,264969.4,1055339,1,1,0.392573,0.348431,0.092989,0.001083,0.026549,0.574483,59.33606,1.334481
23-2,BRSP,23-2-1,23-2,23,2,1,2005,406895,910797.6,1,1,0.785146,0.00129,0.008214,0.000422,0.035398,0.23931,16.80798,1.420527
13-2,BRSP,13-2-1,13-2,13,2,1,2005,417604.6,940587.8,1,4,0.806366,0.050577,0.001467,0.000438,0.176991,0.281207,17.35862,1.758438
265-1,BRSP,265-1-1,265-1,265,1,1,2005,427414.2,953547.9,1,2,0.931035,0.235328,0.005573,0.000231,0.00885,0.345,27.85866,1.929209
843-0,BRSP,843-0-1,843-0,843,0,1,2006,472512.3,962784.9,1,3,0.872679,0.014821,0.007627,0.002372,0,0.268276,18.88015,1.527039
461-0,BRSP,461-0-1,461-0,461,0,1,2005,525600.7,1119059,1,2,0.843501,0.020417,0.020827,0.003383,0.088496,0.316552,27.62101,1.469931
32-2,BRSP,32-2-1,32-2,32,2,1,2005,312578,883797.6,1,5,0.795756,0.000215,0.039894,0.000828,0,0.216724,11.10791,1.687027
704-1,BRSP,704-1-1,704-1,704,1,1,2006,375495.2,1135676,1,3,0.387268,0.322744,0.161338,0.000533,0,0.438448,67.76009,0.691778
560-0,BRSP,560-0-1,560-0,560,0,1,2005,463773,1001518,1,3,0.639257,0.001815,0.176005,0.016493,0,0.278966,12.07703,2.081055
597-0,BRSP,597-0-1,597-0,597,0,1,2005,294488.6,880107.6,1,3,0.851459,0.003073,0.002347,0.000549,0.00885,0.419655,20.98348,1.833921
745-2,BRSP,745-2-1,745-2,745,2,1,2006,290898.2,909504.9,1,5,0.909814,0.163943,0.007627,0.000024,0.017699,0.379828,40.9749,1.253386
873-0,BRSP,873-0-1,873-0,873,0,1,2006,389895,895374.6,1,4,0.981432,0.001106,0.006454,0.000915,0.017699,0.248448,10.61787,1.736542
778-1,BRSP,778-1-1,778-1,778,1,1,2006,544060.4,780623,1,3,0.819629,0.101625,0.001173,0.000987,0,0.399138,26.80856,1.003171
776-1,BRSP,776-1-1,776-1,776,1,1,2006,469182.8,793673.4,1,5,0.360743,0.004919,0.00792,0.006026,0,0.239655,18.10113,1.192098
19-2,BRSP,19-2-1,19-2,19,2,1,2005,507331.8,914757.4,1,2,0.962865,0.000446,0.000587,0.008637,0,0.227414,6.070215,1.667991
407-0,BRSP,407-0-1,407-0,407,0,1,2005,309518.1,880917.6,1,8,0.793103,0.000422,0.020241,0.000844,0.00885,0.254655,12.03701,1.62992
718-2,BRSP,718-2-1,718-2,718,2,1,2006,361545.7,1070516,1,3,0.612732,0.189104,0.048108,0.000557,0.00885,0.294483,45.24557,1.380585
749-2,BRSP,749-2-1,749-2,749,2,1,2006,395744.9,890964.5,1,2,0.941645,0.001122,0.037841,0.001481,0,0.250517,15.25195,1.46465
741-2,BRSP,741-2-1,741-2,741,2,1,2006,287838.3,919045,1,2,0.827586,0.322004,0.049281,0,0.061947,0.484828,51.96894,1.16371
577-0,BRSP,577-0-1,577-0,577,0,1,2005,400685.4,805226.6,1,2,0.143236,0.023792,0.606043,0.001966,0.097345,0.333966,38.24961,1.13246
47-1,BRSP,47-1-1,47-1,47,1,1,2005,268479.5,853107.4,1,2,0.880637,0.007291,0.004987,0.000756,0.079646,0.369138,33.07563,1.56489
772-1,BRSP,772-1-1,772-1,772,1,1,2006,621457.9,807443,1,1,0.183024,0.533539,0.001467,0.000064,0.035398,0.599655,40.74102,1.395879
970-0,BRSP,970-0-1,970-0,970,0,1,2006,630997.8,763972.5,1,6,0.755968,0.283669,0.003227,0,0,0.39,32.28996,0.934291
844-0,BRSP,844-0-1,844-0,844,0,1,2006,451003.2,860454.1,1,2,0.848806,0.000828,0.00616,0.004044,0,0.231034,13.43798,1.66535
876-0,BRSP,876-0-1,876-0,876,0,1,2006,290628.2,914455,1,6,0.912467,0.224407,0.042828,0,0.061947,0.308621,46.86074,1.182965
196-1,BRSP,196-1-1,196-1,196,1,1,2005,395285.6,786326.4,1,3,0.806366,0.065598,0.022294,0.001719,0.044248,0.373103,44.64387,1.313795
965-0,BRSP,965-0-1,965-0,965,0,1,2006,280998.5,881424.7,1,4,0.870027,0.012895,0.024054,0.000048,0.097345,0.378448,29.59824,1.649065
68-2,BRSP,68-2-1,68-2,68,2,1,2005,401225.3,817556.8,1,2,0.65252,0.021253,0.160751,0.002476,0.088496,0.338793,35.15517,1.194079
741-1,BRSP,741-1-1,741-1,741,1,1,2006,287298.3,920305.1,1,3,0.816976,0.342508,0.053388,0,0.00885,0.501552,52.73136,1.158758
517-0,BRSP,517-0-1,517-0,517,0,1,2005,373056.2,831686.9,1,4,0.941645,0.005166,0.017894,0.005445,0.00885,0.242241,27.20432,1.289367
73-1,BRSP,73-1-1,73-1,73,1,1,2005,467822.7,1102229,1,2,0.846154,0.008963,0.00616,0.004927,0,0.292241,25.76624,1.629589
851-0,BRSP,851-0-1,851-0,851,0,1,2006,485471.8,962424.9,1,2,0.331565,0.006599,0.029627,0.003383,0,0.268621,16.37263,1.454637
760-1,BRSP,760-1-1,760-1,760,1,1,2006,525878.8,870803.9,1,4,0.941645,0.00082,0.002933,0.017846,0,0.283276,12.629,1.856148
514-0,BRSP,514-0-1,514-0,514,0,1,2005,366306.4,822866.9,1,5,0.740053,0.001138,0.061308,0.00468,0,0.25069,18.86179,0.909313
516-0,BRSP,516-0-1,516-0,516,0,1,2005,359376.6,847167.1,1,6,0.209549,0.00047,0.050161,0.004362,0.566372,0.404138,12.86527,1.672392
800-0,BRSP,800-0-1,800-0,800,0,1,2006,389445.1,896904.6,1,3,0.954907,0.001162,0.01672,0.000876,0,0.253966,10.4224,1.775383
406-0,BRSP,406-0-1,406-0,406,0,1,2005,307808.2,877857.6,1,5,0.830239,0.00047,0.033441,0.000884,0,0.261207,12.55116,1.620677
221-1,BRSP,221-1-1,221-1,221,1,1,2005,522901,1010968,1,3,0.883289,0.001902,0.01848,0.026737,0,0.267414,12.08788,1.856037
45-2,BRSP,45-2-1,45-2,45,2,1,2005,358746.6,858777.3,1,2,0.801061,0.000279,0.071282,0.003486,0,0.254138,11.70702,1.710464
42-1,BRSP,42-1-1,42-1,42,1,1,2005,298718.5,879747.6,1,6,0.774536,0.00117,0.009094,0.0007,0.044248,0.287586,17.86117,1.811474
731-2,BRSP,731-2-1,731-2,731,2,1,2006,487811.8,960174.9,1,3,0.68435,0.005978,0.060428,0.00406,0,0.226207,16.41982,1.457938
493-0,BRSP,493-0-1,493-0,493,0,1,2005,401585.3,803696.6,1,1,0.198939,0.024158,0.404811,0.001807,0,0.395172,38.93464,1.151056
803-0,BRSP,803-0-1,803-0,803,0,1,2006,470802.3,943434.8,1,4,0.923077,0.00199,0.003813,0.002563,0.035398,0.269138,15.00572,1.600431
